epoch,tau,lr,local_ce,supcon,final_ce,fusion_ce,val_goodness,val_final,val_fusion,val_ensemble,interval,weights,minutes
1,0.8,0.03999990179751698,14.35440764980878,4.81184101799974,7.961368677622912,4.309598125283874,7.8600,5.4600,12.9200,9.9600,"(1, 15)","(0.5, 0.5, 2.0)",1.629368539651235
2,0.793939393939394,0.03999960719103712,4.450911547738302,4.75402955575786,8.092350655471497,3.8895982493702164,,,,,,,1.3887986660003662
3,0.787878787878788,0.0399991161834681,2.613166562012937,4.693284121993321,7.353393565555583,3.617031842555076,,,,,,,1.3827856222788493
4,0.7818181818181819,0.039998428779655947,2.4024008572431232,4.644252909514419,7.190398717537905,3.4255491355885126,,,,,,,1.378386370340983
5,0.7757575757575758,0.03999754498638505,2.260973182838527,4.612926178608225,6.941596828634583,3.269603909929933,,,,,,,1.37762717405955
6,0.7696969696969698,0.039996464812378105,2.173678725763084,4.598646144841371,6.71151084981413,3.1874340212243233,,,,,,,1.3783904830614726
7,0.7636363636363637,0.03999518826829599,2.0924557038531826,4.577971980342798,6.570574783531689,3.088038216289292,,,,,,,1.3816481073697409
8,0.7575757575757576,0.039993715366737674,2.049042734050743,4.5652341188169,6.4666928728761155,3.0316479946473387,,,,,,,1.385731295744578
9,0.7515151515151516,0.03999204612224011,1.9998553772058163,4.558607401111846,6.364770412445068,2.9783394941237575,,,,,,,1.384129520257314
10,0.7454545454545455,0.039990180551278065,1.9627903617265456,4.545661603823087,6.327674712210978,2.9283928708133535,37.6000,21.4200,44.5200,42.7600,"(14, 16)","(0.5, 0.0, 2.0)",1.3843980828921
11,0.7393939393939394,0.03998811867226397,1.9266252084575108,4.5323095917801615,6.134269700770364,2.882786779322176,,,,,,,1.3794490098953247
12,0.7333333333333334,0.039985860505547734,1.9175339449694633,4.5226910114687895,6.1714424693007075,2.8607358626830273,,,,,,,1.379970169067383
13,0.7272727272727273,0.03998340607341656,1.9062098297633097,4.518602765903054,6.125458946934453,2.8445117799644795,,,,,,,1.3882865905761719
14,0.7212121212121212,0.0399807554000947,1.8802514288899725,4.511796609189056,6.151597643849517,2.816328918152725,,,,,,,1.3910111387570698
15,0.7151515151515152,0.039977908511743224,1.8707470455790198,4.505209159946969,6.059006359502461,2.7946624653971095,,,,,,,1.3846726218859355
16,0.7090909090909091,0.03997486543645977,1.8524554499343988,4.492642494707985,5.914137809704512,2.774315956311348,,,,,,,1.3846551815668742
17,0.703030303030303,0.03997162620427826,1.8439898722052315,4.491612158210029,5.986647118190755,2.76402745219717,,,,,,,1.3870404521624247
18,0.696969696969697,0.03996819084716862,1.830031351021672,4.485321010080078,5.868871969375175,2.7398736639919443,,,,,,,1.3885547320048015
19,0.6909090909090909,0.03996455939903643,1.811891691846945,4.473276256735808,5.867584354857094,2.728287423777784,,,,,,,1.3927455464998881
20,0.6848484848484849,0.03996073189572262,1.8130425017433829,4.473906345776583,5.843662274189485,2.722231616321792,42.2800,23.2200,48.8000,48.0600,"(14, 16)","(0.5, 0.0, 2.0)",1.3913838386535644
21,0.6787878787878788,0.039956708375003105,1.8062172999469124,4.4643531081383605,5.830636175269754,2.70190849535146,,,,,,,1.388627823193868
22,0.6727272727272727,0.03995248887658839,1.793621778180996,4.458851203499716,5.728073459744793,2.678485642131577,,,,,,,1.3988641659418741
23,0.6666666666666667,0.039948073442123255,1.804319685698055,4.455502011657301,5.7784698179304765,2.686626281493749,,,,,,,1.390748914082845
24,0.6606060606060606,0.03994346211518623,1.7935594113498992,4.450555157857223,5.769607861836751,2.6690513068794184,,,,,,,1.3908850749333699
25,0.6545454545454545,0.03993865494128926,1.779969662073291,4.449197470212834,5.683193850721049,2.6592645339476757,,,,,,,1.3915558298428854
26,0.6484848484848484,0.0399336519678772,1.7779218942046824,4.439233071483997,5.610758417352312,2.645995028677829,,,,,,,1.3897713700930276
27,0.6424242424242425,0.039928453244327394,1.7731275575303225,4.437668282282059,5.631239300100212,2.639841816703818,,,,,,,1.3938551902770997
28,0.6363636363636365,0.03992305882194914,1.772336082723106,4.432143118506563,5.575498329608189,2.638796272440853,,,,,,,1.3852877895037332
29,0.6303030303030304,0.0399174687539832,1.7537280628908734,4.429605451324626,5.582243077096097,2.613300661755423,,,,,,,1.3895003914833068
30,0.6242424242424243,0.039911683095601294,1.7479162619119715,4.42459748509303,5.622514114760266,2.6208565676653826,42.8000,24.1400,51.0800,49.7600,"(14, 16)","(0.5, 0.0, 2.0)",1.3919907569885255
31,0.6181818181818182,0.039905701903905536,1.7526293109689743,4.420436897968275,5.590203143932201,2.6123166192970384,,,,,,,1.3845086773236592
32,0.6121212121212121,0.03989952523792788,1.7543778766863747,4.414636790382816,5.5576767391628685,2.601188618233401,,,,,,,1.3818665305773417
33,0.6060606060606061,0.0398931531586295,1.7491840719702216,4.410207315767472,5.567003970132594,2.5996883438523337,,,,,,,1.381972889105479
34,0.6000000000000001,0.039886585728900276,1.7381525899255337,4.406919630484423,5.496986486972907,2.6002193488966028,,,,,,,1.3842262307802835
35,0.593939393939394,0.03987982301355807,1.7291699638538711,4.398057237669553,5.576309990679097,2.583328603000043,,,,,,,1.3869327902793884
36,0.5878787878787879,0.03987286507934816,1.7386115111806433,4.397282542786008,5.509163906771233,2.5895340850210595,,,,,,,1.3865305582682292
37,0.5818181818181818,0.03986571199494254,1.725672383613676,4.3929251143735355,5.526779120464271,2.5759528926295094,,,,,,,1.3817177573839823
38,0.5757575757575757,0.039858363830939283,1.732780555489476,4.388110501574015,5.49297989331759,2.5653207872667885,,,,,,,1.381331245104472
39,0.5696969696969697,0.039850820659861785,1.7353818942493822,4.382882096089369,5.573349869828618,2.579339878511565,,,,,,,1.3831235686937968
40,0.5636363636363637,0.0398430825561581,1.7303518413478494,4.37191509661092,5.52793447516243,2.564570276146261,43.5400,24.4000,53.0200,50.4400,"(12, 16)","(0.5, 0.0, 2.0)",1.3844159324963887
41,0.5575757575757576,0.039835149596200194,1.7165973776021515,4.369663240043725,5.481106025880559,2.563316516387157,,,,,,,1.525112783908844
42,0.5515151515151515,0.03982702185828317,1.7283759425713106,4.366432578555299,5.516345809327911,2.561917225519816,,,,,,,1.587965202331543
43,0.5454545454545454,0.03981869942262453,1.7174958434035197,4.362762515661164,5.453385353088379,2.546601651400922,,,,,,,1.3886064728101095
44,0.5393939393939393,0.03981018237136335,1.7168966894281037,4.360814696763136,5.458069939898629,2.5509381090473924,,,,,,,1.3795828501383463
45,0.5333333333333333,0.03980147078855949,1.7099010292381343,4.354934820242617,5.495908601331575,2.5431808168731864,,,,,,,1.3784977634747824
46,0.5272727272727273,0.039792564760192745,1.7175816459853146,4.352412370894649,5.472905396735906,2.5403327249054217,,,,,,,1.3841453035672506
47,0.5212121212121212,0.03978346437416203,1.6963722003611044,4.341993224906505,5.4811569659458605,2.526329710272982,,,,,,,1.385821564992269
48,0.5151515151515151,0.03977416972028448,1.7095055723806631,4.342263923411355,5.392386825675638,2.5353814061211044,,,,,,,1.3882989088694255
49,0.509090909090909,0.03976468089029458,1.7099734544354466,4.332172433555236,5.447526774175486,2.5344351941024477,,,,,,,1.3867148399353026
50,0.5030303030303029,0.03975499797784324,1.7055912269046802,4.333840245594826,5.442918350214293,2.5272218990869333,46.5600,23.8600,54.1400,52.5400,"(13, 16)","(0.5, 0.0, 2.0)",1.3820722818374633
51,0.49696969696969695,0.0397451210784969,1.6851573561466338,4.317669459717426,5.40247165986955,2.520400396439425,,,,,,,1.3802288055419922
52,0.4909090909090909,0.03973505028973657,1.697384406875701,4.319298676356051,5.388136743480324,2.518799926480676,,,,,,,1.3774364789326985
53,0.4848484848484848,0.039724785710956875,1.6916728610416663,4.316830352141027,5.404377942750936,2.511682174144647,,,,,,,1.3817336757977803
54,0.47878787878787876,0.03971432744346506,1.6778532034396445,4.3135520100134075,5.39750427669949,2.504179797620855,,,,,,,1.3829215884208679
55,0.4727272727272728,0.03970367559047999,1.701599279709831,4.301899118121393,5.387394547802091,2.5071906826095365,,,,,,,1.385666839281718
56,0.4666666666666667,0.03969283025713118,1.701864767835251,4.30472567817844,5.351943256508591,2.5018858563186774,,,,,,,1.3800692359606426
57,0.46060606060606063,0.039681791550457673,1.691556947910448,4.302734935904979,5.368217237314947,2.4996040010044718,,,,,,,1.3818196733792623
58,0.45454545454545453,0.03967055957940706,1.688990270312815,4.294835663808737,5.373172876841662,2.5025962845891967,,,,,,,1.3768669247627259
59,0.4484848484848485,0.03965913445483434,1.6855741340510306,4.290699059946844,5.362773070647846,2.4960401968399006,,,,,,,1.3827409545580547
60,0.44242424242424244,0.03964751628950091,1.699432317912329,4.279674523036964,5.439506813331887,2.498003990222246,45.5200,25.3000,52.8600,52.3400,"(13, 16)","(0.5, 0.0, 2.0)",1.3823509852091471
61,0.43636363636363634,0.039635705198073336,1.6719379659391875,4.274040490953252,5.3616347557459125,2.468868449882225,,,,,,,1.38023233016332
62,0.4303030303030303,0.039623701297122345,1.6702624287350765,4.272748690544909,5.377644317442195,2.4740108329686006,,,,,,,1.3821662306785583
63,0.4242424242424242,0.03961150470512159,1.656140803619008,4.264872002885313,5.337594325725849,2.463432249520239,,,,,,,1.3829619447390238
64,0.41818181818181815,0.03959911554244651,1.6544575690598828,4.261293559012869,5.306269872562159,2.45749083135882,,,,,,,1.3789149483044942
65,0.41212121212121205,0.03958653393137314,1.6713898022165445,4.254028774934017,5.351506809223751,2.4671040756410343,,,,,,,1.3830673734347025
66,0.40606060606060607,0.039573759996076895,1.6706643890341621,4.255078150236329,5.341065909448172,2.4647171436212,,,,,,,1.3902231136957803
67,0.4,0.039560793862631366,1.665472809081104,4.244781996949306,5.251097498456297,2.4579904235665953,,,,,,,1.3833907167116801
68,0.3939393939393939,0.03954763565900705,1.6737096572573589,4.2327572177038615,5.244520308285357,2.4572487699340213,,,,,,,1.3831589976946512
69,0.3878787878787879,0.03953428551507011,1.6696662178226547,4.237395891536715,5.237590822399172,2.4605383023916825,,,,,,,1.3794271349906921
70,0.3818181818181818,0.039520743562581076,1.6712624975808685,4.238204354714044,5.302700662884617,2.4519129057555458,46.5600,26.0600,54.9800,53.1800,"(12, 16)","(0.5, 0.0, 2.0)",1.377563734849294
71,0.37575757575757573,0.03950700993519354,1.6614664848253957,4.223347905414556,5.2970713237751585,2.448073602469898,,,,,,,1.3830945094426472
72,0.3696969696969697,0.03949308476845289,1.67131640720761,4.226014985498001,5.2671700481675625,2.449139742430119,,,,,,,1.3837263504664103
73,0.3636363636363636,0.039478968199794864,1.676730153300224,4.220557593252464,5.260421317527097,2.452605722976206,,,,,,,1.3778547525405884
74,0.35757575757575755,0.03946466036854432,1.6755414054494457,4.213470035488729,5.279041581683689,2.44640040261793,,,,,,,1.5745474020640056
75,0.35151515151515145,0.03945016141591376,1.6501786624574173,4.20663213346279,5.331753836737739,2.4380566564380612,,,,,,,1.6247387965520224
76,0.34545454545454546,0.03943547148500201,1.6504195785180835,4.197663005081197,5.261789424466951,2.4370937985912007,,,,,,,1.5671937743822733
77,0.3393939393939394,0.03942059072079274,1.6738321613816933,4.190801015506742,5.343503143712666,2.434062254055273,,,,,,,1.3820967475573223
78,0.3333333333333333,0.0394055192701531,1.6585153757861577,4.193992831428506,5.366398623865893,2.4394764445106527,,,,,,,1.3866752624511718
79,0.32727272727272727,0.039390257281832215,1.668453986438571,4.186548422025,5.330599146351176,2.435474344807812,,,,,,,1.377374804019928
80,0.32121212121212117,0.039374804906459754,1.6544607941386527,4.173951965531493,5.23615377105539,2.4252097334956852,46.9800,27.8000,55.6000,53.3600,"(12, 16)","(0.5, 0.5, 2.0)",1.3786085367202758
81,0.3151515151515151,0.03935916229654442,1.6497355095851116,4.163345367160898,5.208305801761116,2.4213770298536685,,,,,,,1.3792423009872437
82,0.309090909090909,0.03934332960647245,1.65592436556373,4.1688552287948655,5.295134377275777,2.4278483900249515,,,,,,,1.3799458821614583
83,0.303030303030303,0.03932730699250611,1.6419459403295382,4.154780036663517,5.227645158088445,2.415369946053225,,,,,,,1.3903802156448364
84,0.296969696969697,0.03931109461278214,1.657525989617038,4.1546046027430785,5.247853863273251,2.426357081812671,,,,,,,1.3840688586235046
85,0.2909090909090909,0.039294692627310175,1.6495587892826626,4.142764211040617,5.170998300921883,2.4207425654104293,,,,,,,1.4006449977556865
86,0.2848484848484848,0.03927810119797119,1.6309547453459452,4.138776953144051,5.12910517056783,2.4048895414738234,,,,,,,1.5640905380249024
87,0.2787878787878787,0.03926132048851589,1.6685895073752477,4.1557948648060545,5.2480135622866815,2.4269699350721137,,,,,,,1.3859780271848043
88,0.2727272727272727,0.0392443506645631,1.643808854865892,4.133965569883411,5.224580103175932,2.41082447648388,,,,,,,1.5034665544827779
89,0.2666666666666666,0.03922719189359815,1.6549281841978987,4.133160977262098,5.276724394909676,2.420365011590159,,,,,,,1.379207428296407
90,0.2606060606060605,0.03920984434497116,1.6371814862145877,4.1210014457696245,5.159211048033842,2.409339796783578,46.7600,27.6000,55.8200,53.3200,"(12, 16)","(0.5, 0.0, 2.0)",1.4094996333122254
91,0.2545454545454545,0.03919230818989545,1.6626727982309168,4.1250223918078595,5.196511809982126,2.4105598709182523,,,,,,,1.3852987209955852
92,0.24848484848484842,0.039174583601445774,1.6505907010283924,4.111339656875544,5.175119227493591,2.4052721170278697,,,,,,,1.474211080869039
93,0.24242424242424243,0.03915667075455667,1.647020206030178,4.116631244841944,5.246684343386919,2.40259858821532,,,,,,,1.380746360619863
94,0.23636363636363633,0.03913856982602072,1.6350207207729135,4.095028655581364,5.136623104752978,2.3883823981651893,,,,,,,1.5017951846122741
95,0.23030303030303023,0.03912028099448676,1.6697128300758108,4.104647778258045,5.18037350904568,2.407654618945217,,,,,,,1.3838214834531148
96,0.22424242424242424,0.03910180444045819,1.6528024585058847,4.0986724127192025,5.083103092986973,2.4039407143226037,,,,,,,1.381521221001943
97,0.21818181818181814,0.03908314034629112,1.6394584402379546,4.090378081037388,5.113719284025013,2.3926951131250105,,,,,,,1.3796873490015666
98,0.21212121212121204,0.03906428889619265,1.6233238582387728,4.082175452085482,5.1146900110434945,2.3857695156352814,,,,,,,1.3783114353815715
99,0.20606060606060594,0.03904525027621896,1.6229557669979855,4.091905628514086,5.058966722243872,2.388668163209899,,,,,,,1.3770628253618875
100,0.19999999999999996,0.03902602467427355,1.6122049222429813,4.072331276414621,5.011280605935643,2.373003625462198,47.1400,29.9000,56.4800,54.3400,"(12, 16)","(0.5, 0.5, 2.0)",1.3956597487131754
101,0.2,0.03900661228010535,1.6272447857077406,4.062988595425513,5.031216285167596,2.382171340138145,,,,,,,1.6785536050796508
102,0.19999963445946745,0.03898701328530686,1.4696445577764343,3.977587489640671,4.795233236079202,2.166566704073523,,,,,,,2.1656977891922
103,0.1999985378423237,0.038967227883312236,1.6509408382603685,4.0689066947954915,5.199086373348182,2.3981349583704588,,,,,,,1.7314479351043701
104,0.19999671016193074,0.03894725626939541,1.6381064862891899,4.066320579815534,5.095292243522796,2.3823925103896704,,,,,,,1.7995097319285074
105,0.19999415144055827,0.03892709864066815,1.6399498984345005,4.067438271370529,4.9671109422319635,2.3855345276346234,,,,,,,1.7469824194908141
106,0.1999908617093835,0.03890675519607811,1.624105749551587,4.055404225166107,5.072329263062219,2.379913420419068,,,,,,,1.8404593030611673
107,0.19998684100849073,0.03888622613640689,1.6398325216506462,4.063768650192062,5.0873378736001476,2.3844137205357567,,,,,,,1.762353813648224
108,0.199982089386871,0.038865511664268,1.620501617138582,4.053490972327131,5.013475257786591,2.3763622429296163,,,,,,,1.6622639854749044
109,0.19997660690242125,0.038844611984104924,1.6158502182534777,4.0547306682269575,4.970114138051655,2.3680744323975,,,,,,,1.650287099679311
110,0.1999703936219439,0.03882352730218908,1.6216660041105453,4.057737258844326,4.992367226174075,2.366915657309725,46.3400,29.3200,56.6800,54.2000,"(12, 16)","(0.5, 0.0, 2.0)",1.6416746854782105
111,0.19996344962114576,0.03880225782661775,1.6127530567027106,4.04811444141886,4.999257698357955,2.354492391276563,,,,,,,1.6694509267807007
112,0.1999557749846373,0.03878080376731209,1.6008329421846195,4.036130037023251,4.979392296228653,2.34650197192135,,,,,,,1.640432091554006
113,0.19994736980593153,0.038759165336014985,1.6105810099008075,4.031008609479569,5.047437758866878,2.3568311233466166,,,,,,,1.616493042310079
114,0.1999382341874429,0.03873734274628903,1.6247097603765708,4.0389407865761795,5.065112583317988,2.3686120924446996,,,,,,,1.6393924792607626
115,0.19992836824048604,0.038715336213514355,1.611110624002715,4.04414860715174,5.055700152687877,2.360784335353775,,,,,,,1.6461602131525674
116,0.19991777208527445,0.03869314595488658,1.6036328588056268,4.03905933630892,4.942602803564479,2.3528646933726773,,,,,,,1.637080721060435
117,0.19990644585091888,0.03867077218941457,1.5981437549486979,4.026100831913233,4.923921212851152,2.33952382283333,,,,,,,1.651681129137675
118,0.19989438967542594,0.03864821513791839,1.6054591815391137,4.029708363251888,4.974835718459214,2.352523255551982,,,,,,,1.683006223042806
119,0.1998816037056963,0.03862547502302702,1.6090171101461088,4.030532908355728,4.884917358387569,2.3520900265783324,,,,,,,1.624464992682139
120,0.199868088097523,0.0386025520691762,1.5973587364347932,4.013302872283626,4.910531990888112,2.340807859714215,48.8400,30.2600,57.5800,55.6800,"(12, 16)","(0.5, 0.0, 2.0)",1.7495484352111816
121,0.19985384301558945,0.03857944650260624,1.6048671449821,4.022903379771464,4.918790709259164,2.347327592026474,,,,,,,1.827764344215393
122,0.1998388686334675,0.03855615855135975,1.5978477862920317,4.018205979730649,4.969316132048256,2.339042561685937,,,,,,,2.1094626148541766
123,0.19982316513361523,0.03853268844527942,1.5929974425707067,4.015666413071449,4.953752810459191,2.323951755833422,,,,,,,1.5822373112042745
124,0.19980673270737484,0.038509036416005706,1.5961838399987336,4.019021204933561,4.893303299221897,2.3358154113476095,,,,,,,1.7445205251375835
125,0.1997895715549703,0.0384852026969746,1.588477805519056,4.011246384219027,4.910068950761757,2.3253326939042136,,,,,,,1.634033981959025
126,0.19977168188550476,0.03846118752341528,1.621368412371055,4.013748308192631,4.97165512223529,2.3399940970276836,,,,,,,1.6495593984921773
127,0.19975306391695824,0.03843699113234781,1.5915025522761035,4.002010563180257,4.866224218297888,2.324033377516983,,,,,,,1.6463648160298665
128,0.19973371787618482,0.03841261376258081,1.5845832616485342,4.004000698838858,4.86159967900681,2.3232313119448147,,,,,,,1.7204511960347493
129,0.1997136439989099,0.03838805565470907,1.5951454179014655,4.009297846589074,4.845763345049996,2.3275340730987724,,,,,,,1.7297987620035806
130,0.1996928425297273,0.038363317051111206,1.580961068998195,4.009818092750228,4.903769995751883,2.309409063426178,48.2200,30.0000,57.4400,55.6000,"(12, 16)","(0.5, 0.0, 2.0)",1.6700465559959412
131,0.1996713137220964,0.03833839819594725,1.5799250762771677,4.0105290847626165,4.908187383260483,2.3272570069359237,,,,,,,1.7310073733329774
132,0.19964905783833892,0.03831329933515624,1.579485211956535,4.011004205962331,4.93882121659412,2.3177960509927864,,,,,,,1.4103342731793722
133,0.1996260751496358,0.03828802071645379,1.6057868013659453,3.999282698266087,4.8647015841937815,2.3205413716471095,,,,,,,1.6161028385162353
134,0.1996023659360238,0.03826256258932968,1.5869669511911757,4.006708381842064,4.905608334772268,2.3103850057661703,,,,,,,1.6533867239952087
135,0.19957793048639222,0.03823692520504534,1.5742253911880786,4.003983256084467,4.85660254785478,2.3105845040405577,,,,,,,1.6936967611312865
136,0.19955276909847935,0.038211108816631395,1.564086675414173,3.994506868941312,4.881984962017787,2.3072422460952717,,,,,,,1.4634887337684632
137,0.1995268820788687,0.038185113678885184,1.5778772564005847,4.000499006609871,4.804601159870115,2.3186463531945165,,,,,,,1.4134647846221924
138,0.19950026974298543,0.03815894004836821,1.5773565247792265,3.9985440612458616,4.870486491765732,2.31358224034649,,,,,,,1.414439590771993
139,0.1994729324150925,0.03813258818340365,1.5856029271395218,3.9925333143019768,4.820297470799199,2.3117479574985995,,,,,,,1.4219321052233378
140,0.19944487042828662,0.03810605834407377,1.5758376231075872,3.987959394467742,4.856623204005749,2.307790529014718,49.2600,31.7400,57.7200,56.2200,"(12, 16)","(0.5, 0.5, 2.0)",1.5650447567303976
141,0.19941608412449424,0.03807935079221737,1.5623041313108497,3.9816129558825986,4.810313557627534,2.295033035115299,,,,,,,1.6507627566655476
142,0.19938657385446734,0.038052465791427216,1.5746653267181316,3.984503234753322,4.8174682791076835,2.3064450928967903,,,,,,,1.9673908273379008
143,0.19935633997777932,0.038025403607047405,1.5679317629075598,3.9858745324345954,4.826461474100749,2.305447247632888,,,,,,,1.7367226878801982
144,0.19932538286282037,0.037998164506170766,1.5596246732895511,3.9828835648469076,4.843218570421224,2.2973926610756465,,,,,,,1.5501691341400146
145,0.19929370288679318,0.03797074875763623,1.5686564705910067,3.9862945297165133,4.848826047022458,2.303209586021228,,,,,,,2.0992724498113
146,0.19926130043570828,0.03794315663202618,1.5442562233978168,3.9564710041776223,4.722874325564784,2.2532802996812045,,,,,,,1.979697008927663
147,0.1992281759043793,0.03791538840166374,1.5562685517753732,3.967002459221276,4.80603921922863,2.2751738437560207,,,,,,,1.6455305417378743
148,0.19919432969641818,0.03788744434061014,1.538623969441925,3.9674464816401427,4.7965677579243975,2.2569835912807714,,,,,,,1.977682904402415
149,0.19915976222423032,0.037859324724661976,1.5401577473321073,3.9773447659420413,4.792040678171011,2.272488691867926,,,,,,,1.698629383246104
150,0.19912447390900942,0.037831029831348506,1.550024565730699,3.9651036318850434,4.823490242672782,2.2687566266779884,48.4400,32.6200,57.6800,55.1400,"(12, 16)","(0.5, 0.5, 2.0)",1.694690759976705
